Char,Sentiment_score,Unicode_name
😂,0.221,FACE_WITH_TEARS_OF_JOY
❤,0.746,HEAVY_BLACK_HEART
♥,0.657,BLACK_HEART_SUIT
😍,0.678,SMILING_FACE_WITH_HEART-SHAPED_EYES
😭,-0.093,LOUDLY_CRYING_FACE
😘,0.701,FACE_THROWING_A_KISS
😊,0.644,SMILING_FACE_WITH_SMILING_EYES
👌,0.563,OK_HAND_SIGN
💕,0.632,TWO_HEARTS
👏,0.520,CLAPPING_HANDS_SIGN
😁,0.449,GRINNING_FACE_WITH_SMILING_EYES
☺,0.657,WHITE_SMILING_FACE
♡,0.669,WHITE_HEART_SUIT
👍,0.521,THUMBS_UP_SIGN
😩,-0.368,WEARY_FACE
🙏,0.417,PERSON_WITH_FOLDED_HANDS
✌,0.463,VICTORY_HAND
😏,0.332,SMIRKING_FACE
😉,0.463,WINKING_FACE
🙌,0.559,PERSON_RAISING_BOTH_HANDS_IN_CELEBRATION
🙈,0.432,SEE-NO-EVIL_MONKEY
💪,0.555,FLEXED_BICEPS
😄,0.421,SMILING_FACE_WITH_OPEN_MOUTH_AND_SMILING_EYES
😒,-0.374,UNAMUSED_FACE
💃,0.734,DANCER
💖,0.712,SPARKLING_HEART
😃,0.557,SMILING_FACE_WITH_OPEN_MOUTH
😔,-0.146,PENSIVE_FACE
😱,0.190,FACE_SCREAMING_IN_FEAR
🎉,0.738,PARTY_POPPER
😜,0.455,FACE_WITH_STUCK-OUT_TONGUE_AND_WINKING_EYE
☯,0.001,YIN_YANG
🌸,0.650,CHERRY_BLOSSOM
💜,0.654,PURPLE_HEART
💙,0.730,BLUE_HEART
✨,0.351,SPARKLES
😳,0.018,FLUSHED_FACE
💗,0.657,GROWING_HEART
★,0.283,BLACK_STAR
█,-0.032,FULL_BLOCK
☀,0.465,BLACK_SUN_WITH_RAYS
😡,-0.173,POUTING_FACE
😎,0.491,SMILING_FACE_WITH_SUNGLASSES
😢,0.007,CRYING_FACE
💋,0.691,KISS_MARK
😋,0.631,FACE_SAVOURING_DELICIOUS_FOOD
🙊,0.459,SPEAK-NO-EVIL_MONKEY
😴,-0.080,SLEEPING_FACE
🎶,0.537,MULTIPLE_MUSICAL_NOTES
💞,0.739,REVOLVING_HEARTS
😌,0.482,RELIEVED_FACE
🔥,0.139,FIRE
💯,0.120,HUNDRED_POINTS_SYMBOL
🔫,-0.194,PISTOL
💛,0.709,YELLOW_HEART
💁,0.326,INFORMATION_DESK_PERSON
💚,0.656,GREEN_HEART
♫,0.287,BEAMED_EIGHTH_NOTES
😞,-0.118,DISAPPOINTED_FACE
😆,0.409,SMILING_FACE_WITH_OPEN_MOUTH_AND_TIGHTLY-CLOSED_EYES
😝,0.423,FACE_WITH_STUCK-OUT_TONGUE_AND_TIGHTLY-CLOSED_EYES
😪,-0.080,SLEEPY_FACE
�,0.086,REPLACEMENT_CHARACTER
😫,-0.145,TIRED_FACE
😅,0.178,SMILING_FACE_WITH_OPEN_MOUTH_AND_COLD_SWEAT
👊,0.228,FISTED_HAND_SIGN
💀,-0.207,SKULL
😀,0.568,GRINNING_FACE
😚,0.710,KISSING_FACE_WITH_CLOSED_EYES
😻,0.619,SMILING_CAT_FACE_WITH_HEART-SHAPED_EYES
©,0.117,COPYRIGHT_SIGN
👀,0.063,EYES
💘,0.683,HEART_WITH_ARROW
🐓,0.028,ROOSTER
☕,0.244,HOT_BEVERAGE
👋,0.413,WAVING_HAND_SIGN
✋,0.126,RAISED_HAND
🎊,0.721,CONFETTI_BALL
🍕,0.417,SLICE_OF_PIZZA
❄,0.506,SNOWFLAKE
😥,0.122,DISAPPOINTED_BUT_RELIEVED_FACE
😕,-0.397,CONFUSED_FACE
💥,0.148,COLLISION_SYMBOL
💔,-0.121,BROKEN_HEART
😤,-0.209,FACE_WITH_LOOK_OF_TRIUMPH
😈,0.265,SMILING_FACE_WITH_HORNS
►,0.162,BLACK_RIGHT-POINTING_POINTER
✈,0.415,AIRPLANE
🔝,0.474,TOP_WITH_UPWARDS_ARROW_ABOVE
😰,-0.020,FACE_WITH_OPEN_MOUTH_AND_COLD_SWEAT
⚽,0.616,SOCCER_BALL
😑,-0.311,EXPRESSIONLESS_FACE
👑,0.694,CROWN
😹,0.141,CAT_FACE_WITH_TEARS_OF_JOY
👉,0.390,WHITE_RIGHT_POINTING_BACKHAND_INDEX
🍃,0.378,LEAF_FLUTTERING_IN_WIND
🎁,0.759,WRAPPED_PRESENT
😠,-0.299,ANGRY_FACE
🐧,0.456,PENGUIN
☆,0.428,WHITE_STAR
🍀,0.285,FOUR_LEAF_CLOVER
🎈,0.718,BALLOON
🎅,0.318,FATHER_CHRISTMAS
😓,-0.080,FACE_WITH_COLD_SWEAT
😣,-0.212,PERSEVERING_FACE
😐,-0.388,NEUTRAL_FACE
✊,0.429,RAISED_FIST
😨,-0.140,FEARFUL_FACE
😖,-0.155,CONFOUNDED_FACE
💤,0.370,SLEEPING_SYMBOL
💓,0.664,BEATING_HEART
👎,-0.188,THUMBS_DOWN_SIGN
💦,0.471,SPLASHING_SWEAT_SYMBOL
✔,0.270,HEAVY_CHECK_MARK
😷,-0.169,FACE_WITH_MEDICAL_MASK
⚡,0.177,HIGH_VOLTAGE_SIGN
🙋,0.485,HAPPY_PERSON_RAISING_ONE_HAND
🎄,0.531,CHRISTMAS_TREE
💩,-0.116,PILE_OF_POO
🎵,0.500,MUSICAL_NOTE
➡,0.147,BLACK_RIGHTWARDS_ARROW
😛,0.601,FACE_WITH_STUCK-OUT_TONGUE
😬,0.194,GRIMACING_FACE
👯,0.439,WOMAN_WITH_BUNNY_EARS
💎,0.561,GEM_STONE
🌿,0.384,HERB
🎂,0.613,BIRTHDAY_CAKE
🌟,0.327,GLOWING_STAR
🔮,0.267,CRYSTAL_BALL
❗,0.100,HEAVY_EXCLAMATION_MARK_SYMBOL
👫,0.255,MAN_AND_WOMAN_HOLDING_HANDS
🏆,0.726,TROPHY
✖,0.311,HEAVY_MULTIPLICATION_X
☝,0.309,WHITE_UP_POINTING_INDEX
😙,0.778,KISSING_FACE_WITH_SMILING_EYES
⛄,0.521,SNOWMAN_WITHOUT_SNOW
👅,0.461,TONGUE
♪,0.534,EIGHTH_NOTE
🍂,0.547,FALLEN_LEAF
💏,0.388,KISS
🔪,0.070,HOCHO
🌴,0.525,PALM_TREE
👈,0.424,WHITE_LEFT_POINTING_BACKHAND_INDEX
🌹,0.600,ROSE
🙆,0.500,FACE_WITH_OK_GESTURE
➜,0.162,HEAVY_ROUND-TIPPED_RIGHTWARDS_ARROW
👻,0.228,GHOST
💰,0.251,MONEY_BAG
🍻,0.512,CLINKING_BEER_MUGS
🙅,-0.202,FACE_WITH_NO_GOOD_GESTURE
🌞,0.558,SUN_WITH_FACE
🍁,0.482,MAPLE_LEAF
⭐,0.580,WHITE_MEDIUM_STAR
▪,0.198,BLACK_SMALL_SQUARE
🎀,0.629,RIBBON
━,0.176,BOX_DRAWINGS_HEAVY_HORIZONTAL
☷,0.064,TRIGRAM_FOR_EARTH
🐷,0.368,PIG_FACE
🙉,0.333,HEAR-NO-EVIL_MONKEY
🌺,0.549,HIBISCUS
💅,0.388,NAIL_POLISH
🐶,0.576,DOG_FACE
🌚,0.464,NEW_MOON_WITH_FACE
👽,0.315,EXTRATERRESTRIAL_ALIEN
🎤,0.476,MICROPHONE
👭,0.463,TWO_WOMEN_HOLDING_HANDS
🎧,0.414,HEADPHONE
👆,0.326,WHITE_UP_POINTING_BACKHAND_INDEX
🍸,0.539,COCKTAIL_GLASS
🍷,0.393,WINE_GLASS
®,0.279,REGISTERED_SIGN
🍉,0.597,WATERMELON
😇,0.587,SMILING_FACE_WITH_HALO
☑,0.101,BALLOT_BOX_WITH_CHECK
🏃,0.406,RUNNER
😿,-0.372,CRYING_CAT_FACE
│,0.343,BOX_DRAWINGS_LIGHT_VERTICAL
💣,0.007,BOMB
🍺,0.493,BEER_MUG
▶,0.209,BLACK_RIGHT-POINTING_TRIANGLE
😲,-0.068,ASTONISHED_FACE
🎸,0.516,GUITAR
🍹,0.659,TROPICAL_DRINK
💫,0.500,DIZZY_SYMBOL
📚,0.336,BOOKS
😶,-0.142,FACE_WITHOUT_MOUTH
🌷,0.538,TULIP
💝,0.644,HEART_WITH_RIBBON
💨,0.381,DASH_SYMBOL
🏈,0.530,AMERICAN_FOOTBALL
💍,0.478,RING
☔,0.289,UMBRELLA_WITH_RAIN_DROPS
👸,0.605,PRINCESS
🇪,0.616,REGIONAL_INDICATOR_SYMBOL_LETTER_E
░,-0.045,LIGHT_SHADE
🍩,0.382,DOUGHNUT
👾,0.361,ALIEN_MONSTER
☁,0.308,CLOUD
🌻,0.570,SUNFLOWER
😵,0.085,DIZZY_FACE
📒,0.038,LEDGER
↿,0.648,UPWARDS_HARPOON_WITH_BARB_LEFTWARDS
🐯,0.476,TIGER_FACE
👼,0.333,BABY_ANGEL
🍔,0.277,HAMBURGER
😸,0.410,GRINNING_CAT_FACE_WITH_SMILING_EYES
👶,0.434,BABY
↾,0.646,UPWARDS_HARPOON_WITH_BARB_RIGHTWARDS
💐,0.735,BOUQUET
🌊,0.500,WATER_WAVE
🍦,0.459,SOFT_ICE_CREAM
🍓,0.670,STRAWBERRY
👇,0.247,WHITE_DOWN_POINTING_BACKHAND_INDEX
💆,0.221,FACE_MASSAGE
🍴,0.537,FORK_AND_KNIFE
😧,-0.063,ANGUISHED_FACE
🇸,0.511,REGIONAL_INDICATOR_SYMBOL_LETTER_S
😮,0.269,FACE_WITH_OPEN_MOUTH
▓,0.011,DARK_SHADE
🚫,-0.440,NO_ENTRY_SIGN
😽,0.571,KISSING_CAT_FACE_WITH_CLOSED_EYES
🌈,0.516,RAINBOW
🙀,0.330,WEARY_CAT_FACE
⚠,-0.066,WARNING_SIGN
🎮,0.427,VIDEO_GAME
╯,-0.011,BOX_DRAWINGS_LIGHT_ARC_UP_AND_LEFT
🍆,0.402,AUBERGINE
🍰,0.448,SHORTCAKE
✓,0.287,CHECK_MARK
👐,-0.023,OPEN_HANDS_SIGN
🙇,0.140,PERSON_BOWING_DEEPLY
🍟,0.302,FRENCH_FRIES
🍌,0.435,BANANA
💑,0.659,COUPLE_WITH_HEART
👬,-0.059,TWO_MEN_HOLDING_HANDS
🐣,0.476,HATCHING_CHICK
🎃,0.595,JACK-O-LANTERN
▬,0.464,BLACK_RECTANGLE
￼,-0.476,OBJECT_REPLACEMENT_CHARACTER
😟,0.072,WORRIED_FACE
🐾,0.605,PAW_PRINTS
🎓,0.563,GRADUATION_CAP
🏊,0.575,SWIMMER
🍫,0.152,CHOCOLATE_BAR
📷,0.430,CAMERA
👄,0.474,MOUTH
🌼,0.779,BLOSSOM
🚶,-0.143,PEDESTRIAN
🐱,0.513,CAT_FACE
║,0.145,BOX_DRAWINGS_DOUBLE_VERTICAL
🐸,-0.080,FROG_FACE
🇺,0.541,REGIONAL_INDICATOR_SYMBOL_LETTER_U
👿,-0.534,IMP
🚬,0.521,SMOKING_SYMBOL
✿,0.384,BLACK_FLORETTE
📖,0.169,OPEN_BOOK
🐒,0.521,MONKEY
🌍,0.592,EARTH_GLOBE_EUROPE-AFRICA
┊,0.958,BOX_DRAWINGS_LIGHT_QUADRUPLE_DASH_VERTICAL
🐥,0.586,FRONT-FACING_BABY_CHICK
🌀,0.101,CYCLONE
🐼,0.261,PANDA_FACE
🎥,0.290,MOVIE_CAMERA
💄,0.435,LIPSTICK
💸,0.159,MONEY_WITH_WINGS
⛔,0.485,NO_ENTRY
●,0.176,BLACK_CIRCLE
🏀,0.254,BASKETBALL_AND_HOOP
💉,0.358,SYRINGE
💟,0.682,HEART_DECORATION
🚗,0.231,AUTOMOBILE
😯,0.123,HUSHED_FACE
📝,0.231,MEMO
═,0.015,BOX_DRAWINGS_DOUBLE_HORIZONTAL
♦,0.453,BLACK_DIAMOND_SUIT
💭,0.206,THOUGHT_BALLOON
🌙,0.590,CRESCENT_MOON
🐟,0.689,FISH
👣,0.344,FOOTPRINTS
☞,0.115,WHITE_RIGHT_POINTING_INDEX
✂,-0.459,BLACK_SCISSORS
🗿,0.443,MOYAI
🍝,0.117,SPAGHETTI
👪,-0.017,FAMILY
🍭,0.300,LOLLIPOP
🌃,0.390,NIGHT_WITH_STARS
❌,0.271,CROSS_MARK
🐰,0.586,RABBIT_FACE
💊,0.431,PILL
🚨,0.638,POLICE_CARS_REVOLVING_LIGHT
😦,-0.368,FROWNING_FACE_WITH_OPEN_MOUTH
🍪,0.316,COOKIE
🍣,-0.232,SUSHI
╭,0.161,BOX_DRAWINGS_LIGHT_ARC_DOWN_AND_RIGHT
✧,0.321,WHITE_FOUR_POINTED_STAR
🎆,0.709,FIREWORKS
╮,0.127,BOX_DRAWINGS_LIGHT_ARC_DOWN_AND_LEFT
🎎,0.907,JAPANESE_DOLLS
🇩,0.611,REGIONAL_INDICATOR_SYMBOL_LETTER_D
✅,0.407,WHITE_HEAVY_CHECK_MARK
👹,0.058,JAPANESE_OGRE
📱,0.308,MOBILE_PHONE
🙍,-0.327,PERSON_FROWNING
🍑,0.250,PEACH
🎼,0.327,MUSICAL_SCORE
🔊,0.404,SPEAKER_WITH_THREE_SOUND_WAVES
🌌,0.520,MILKY_WAY
🍎,0.320,RED_APPLE
🐻,0.440,BEAR_FACE
─,0.140,BOX_DRAWINGS_LIGHT_HORIZONTAL
╰,-0.060,BOX_DRAWINGS_LIGHT_ARC_UP_AND_RIGHT
💇,0.327,HAIRCUT
♬,0.245,BEAMED_SIXTEENTH_NOTES
♚,0.041,BLACK_CHESS_KING
🔴,0.396,LARGE_RED_CIRCLE
🍱,-0.313,BENTO_BOX
🍊,0.417,TANGERINE
🍒,0.313,CHERRIES
🐭,0.688,MOUSE_FACE
👟,0.417,ATHLETIC_SHOE
🌎,0.319,EARTH_GLOBE_AMERICAS
🍍,0.468,PINEAPPLE
🐮,0.587,COW_FACE
📲,0.239,MOBILE_PHONE_WITH_RIGHTWARDS_ARROW_AT_LEFT
☼,0.196,WHITE_SUN_WITH_RAYS
🌅,0.356,SUNRISE
🇷,0.667,REGIONAL_INDICATOR_SYMBOL_LETTER_R
👠,0.356,HIGH-HEELED_SHOE
🌽,0.444,EAR_OF_MAIZE
💧,-0.159,DROPLET
❓,0.068,BLACK_QUESTION_MARK_ORNAMENT
🍬,0.364,CANDY
😺,0.395,SMILING_CAT_FACE_WITH_OPEN_MOUTH
🐴,0.070,HORSE_FACE
🚀,0.488,ROCKET
¦,0.581,BROKEN_BAR
💢,0.233,ANGER_SYMBOL
🎬,0.279,CLAPPER_BOARD
🍧,0.302,SHAVED_ICE
🍜,0.395,STEAMING_BOWL
🐏,0.558,RAM
🐘,0.023,ELEPHANT
👧,0.140,GIRL
⠀,0.047,BRAILLE_PATTERN_BLANK
🏄,0.524,SURFER
➤,0.310,BLACK_RIGHTWARDS_ARROWHEAD
⬆,0.286,UPWARDS_BLACK_ARROW
🍋,0.244,LEMON
🆗,0.537,SQUARED_OK
⚪,0.450,MEDIUM_WHITE_CIRCLE
📺,0.375,TELEVISION
🍅,0.350,TOMATO
⛅,0.450,SUN_BEHIND_CLOUD
🐢,0.200,TURTLE
👙,0.500,BIKINI
🏡,0.436,HOUSE_WITH_GARDEN
🌾,0.538,EAR_OF_RICE
◉,0.256,FISHEYE
✏,0.342,PENCIL
🐬,0.421,DOLPHIN
🍤,0.053,FRIED_SHRIMP
🇹,0.579,REGIONAL_INDICATOR_SYMBOL_LETTER_T
♣,0.342,BLACK_CLUB_SUIT
🐝,0.211,HONEYBEE
🌝,0.189,FULL_MOON_WITH_FACE
🇮,0.595,REGIONAL_INDICATOR_SYMBOL_LETTER_I
🔋,-0.486,BATTERY
🐍,0.351,SNAKE
♔,0.541,WHITE_CHESS_KING
🍳,0.028,COOKING
🔵,0.306,LARGE_BLUE_CIRCLE
😾,-0.333,POUTING_CAT_FACE
🌕,0.556,FULL_MOON_SYMBOL
🐨,0.444,KOALA
🔐,0.333,CLOSED_LOCK_WITH_KEY
💿,0.611,OPTICAL_DISC
❁,0.056,EIGHT_PETALLED_OUTLINED_BLACK_FLORETTE
🌳,0.486,DECIDUOUS_TREE
👰,0.486,BRIDE_WITH_VEIL
❀,0.400,WHITE_FLORETTE
⚓,0.571,ANCHOR
🚴,0.657,BICYCLIST
▀,-0.143,UPPER_HALF_BLOCK
👗,0.235,DRESS
➕,0.529,HEAVY_PLUS_SIGN
💬,0.364,SPEECH_BALLOON
▒,-0.030,MEDIUM_SHADE
🔜,0.273,SOON_WITH_RIGHTWARDS_ARROW_ABOVE
🍨,0.212,ICE_CREAM
💲,0.242,HEAVY_DOLLAR_SIGN
⛽,0.152,FUEL_PUMP
🍙,0.281,RICE_BALL
🍗,0.063,POULTRY_LEG
🍲,0.125,POT_OF_FOOD
🍥,-0.594,FISH_CAKE_WITH_SWIRL_DESIGN
▸,0.219,BLACK_RIGHT-POINTING_SMALL_TRIANGLE
♛,0.188,BLACK_CHESS_QUEEN
😼,0.355,CAT_FACE_WITH_WRY_SMILE
🐙,0.387,OCTOPUS
👨,0.516,MAN
🍚,0.452,COOKED_RICE
🍖,0.129,MEAT_ON_BONE
♨,0.871,HOT_SPRINGS
🎹,0.355,MUSICAL_KEYBOARD
♕,0.387,WHITE_CHESS_QUEEN
▃,0.903,LOWER_THREE_EIGHTHS_BLOCK
🚘,0.067,ONCOMING_AUTOMOBILE
🍏,0.067,GREEN_APPLE
👩,0.067,WOMAN
👦,0.133,BOY
🇬,0.267,REGIONAL_INDICATOR_SYMBOL_LETTER_G
🇧,0.267,REGIONAL_INDICATOR_SYMBOL_LETTER_B
☠,-0.033,SKULL_AND_CROSSBONES
🐠,0.414,TROPICAL_FISH
🚹,0.690,MENS_SYMBOL
💵,0.379,BANKNOTE_WITH_DOLLAR_SIGN
✰,0.793,SHADOWED_WHITE_STAR
╠,0.207,BOX_DRAWINGS_DOUBLE_VERTICAL_AND_RIGHT
👛,0.357,PURSE
🚙,0.036,RECREATIONAL_VEHICLE
🌱,0.571,SEEDLING
💻,0.250,PERSONAL_COMPUTER
🌏,0.321,EARTH_GLOBE_ASIA-AUSTRALIA
▄,-0.071,LOWER_HALF_BLOCK
👓,0.296,EYEGLASSES
◄,0.222,BLACK_LEFT-POINTING_POINTER
⚾,-0.037,BASEBALL
🌲,0.385,EVERGREEN_TREE
👴,0.231,OLDER_MAN
🏠,0.500,HOUSE_BUILDING
🍇,0.269,GRAPES
🍘,0.385,RICE_CRACKER
🍛,0.038,CURRY_AND_RICE
🐇,0.231,RABBIT
🔞,-0.038,NO_ONE_UNDER_EIGHTEEN_SYMBOL
👵,0.423,OLDER_WOMAN
◀,0.269,BLACK_LEFT-POINTING_TRIANGLE
🔙,0.192,BACK_WITH_LEFTWARDS_ARROW_ABOVE
🌵,0.192,CACTUS
🐽,0.120,PIG_NOSE
🍮,-0.120,CUSTARD
🎇,0.680,FIREWORK_SPARKLER
🐎,0.400,HORSE
➔,-0.120,HEAVY_WIDE-HEADED_RIGHTWARDS_ARROW
💶,0.000,BANKNOTE_WITH_EURO_SIGN
🐤,0.520,BABY_CHICK
╩,0.200,BOX_DRAWINGS_DOUBLE_UP_AND_HORIZONTAL
🛀,0.125,BATH
🌑,0.458,NEW_MOON_SYMBOL
🚲,0.375,BICYCLE
🐑,-0.167,SHEEP
🏁,0.500,CHEQUERED_FLAG
🍞,0.042,BREAD
🎾,0.542,TENNIS_RACQUET_AND_BALL
╚,0.292,BOX_DRAWINGS_DOUBLE_UP_AND_RIGHT
🈹,0.292,SQUARED_CJK_UNIFIED_IDEOGRAPH-5272
🐳,0.130,SPOUTING_WHALE
👮,-0.348,POLICE_OFFICER
☹,-0.522,WHITE_FROWNING_FACE
🐵,0.478,MONKEY_FACE
✪,0.304,CIRCLED_WHITE_STAR
◕,0.435,CIRCLE_WITH_ALL_BUT_UPPER_LEFT_QUADRANT_BLACK
🗼,0.522,TOKYO_TOWER
▐,-0.130,RIGHT_HALF_BLOCK
♠,0.304,BLACK_SPADE_SUIT
┳,-0.348,BOX_DRAWINGS_HEAVY_DOWN_AND_HORIZONTAL
👺,-0.182,JAPANESE_GOBLIN
🐚,0.227,SPIRAL_SHELL
👂,-0.136,EAR
🗽,0.318,STATUE_OF_LIBERTY
🍵,0.364,TEACUP_WITHOUT_HANDLE
🆒,0.364,SQUARED_COOL
🍯,0.045,HONEY_POT
🐺,0.227,WOLF_FACE
⇨,0.455,RIGHTWARDS_WHITE_ARROW
➨,0.136,HEAVY_CONCAVE-POINTED_BLACK_RIGHTWARDS_ARROW
🌓,0.591,FIRST_QUARTER_MOON_SYMBOL
🔒,0.182,LOCK
╬,-0.136,BOX_DRAWINGS_DOUBLE_VERTICAL_AND_HORIZONTAL
👳,0.619,MAN_WITH_TURBAN
🌂,0.238,CLOSED_UMBRELLA
🚌,0.190,BUS
♩,0.524,QUARTER_NOTE
🍡,-0.048,DANGO
❥,0.238,ROTATED_HEAVY_BLACK_HEART_BULLET
🎡,0.286,FERRIS_WHEEL
💌,0.500,LOVE_LETTER
🐩,0.350,POODLE
🌜,0.500,LAST_QUARTER_MOON_WITH_FACE
⌚,0.200,WATCH
🚿,0.600,SHOWER
🐖,0.150,PIG
🔆,0.550,HIGH_BRIGHTNESS_SYMBOL
🌛,0.550,FIRST_QUARTER_MOON_WITH_FACE
💂,-0.150,GUARDSMAN
🐔,0.300,CHICKEN
🙎,-0.050,PERSON_WITH_POUTING_FACE
🏩,0.421,LOVE_HOTEL
🇫,0.474,REGIONAL_INDICATOR_SYMBOL_LETTER_F
🔨,-0.105,HAMMER
📢,0.421,PUBLIC_ADDRESS_LOUDSPEAKER
🐦,0.421,BIRD
🐲,-0.053,DRAGON_FACE
♻,0.474,BLACK_UNIVERSAL_RECYCLING_SYMBOL
🌘,0.579,WANING_CRESCENT_MOON_SYMBOL
🍐,0.158,PEAR
🌔,0.579,WAXING_GIBBOUS_MOON_SYMBOL
╥,0.105,BOX_DRAWINGS_DOWN_DOUBLE_AND_HORIZONTAL_SINGLE
❊,0.000,EIGHT_TEARDROP-SPOKED_PROPELLER_ASTERISK
👖,0.333,JEANS
🚺,0.167,WOMENS_SYMBOL
😗,0.611,KISSING_FACE
🎭,0.000,PERFORMING_ARTS
🐄,0.278,COW
◟,-0.056,LOWER_LEFT_QUADRANT_CIRCULAR_ARC
🍢,-0.111,ODEN
🎨,0.167,ARTIST_PALETTE
⬇,0.389,DOWNWARDS_BLACK_ARROW
🚼,0.556,BABY_SYMBOL
⛲,0.056,FOUNTAIN
▁,0.000,LOWER_ONE_EIGHTH_BLOCK
🇴,0.333,REGIONAL_INDICATOR_SYMBOL_LETTER_O
🌗,0.611,LAST_QUARTER_MOON_SYMBOL
🌖,0.611,WANING_GIBBOUS_MOON_SYMBOL
🔅,0.833,LOW_BRIGHTNESS_SYMBOL
👜,0.235,HANDBAG
🐌,0.647,SNAIL
💼,0.529,BRIEFCASE
🚕,0.000,TAXI
🐹,0.294,HAMSTER_FACE
🌠,0.529,SHOOTING_STAR
🐈,0.294,CAT
⇧,0.118,UPWARDS_WHITE_ARROW
☎,0.000,BLACK_TELEPHONE
🌁,0.176,FOGGY
⚫,0.235,MEDIUM_BLACK_CIRCLE
♧,0.471,WHITE_CLUB_SUIT
🏰,0.294,EUROPEAN_CASTLE
🚵,0.353,MOUNTAIN_BICYCLIST
🎢,0.471,ROLLER_COASTER
🎷,0.647,SAXOPHONE
🎐,0.176,WIND_CHIME
┈,-0.588,BOX_DRAWINGS_LIGHT_QUADRUPLE_DASH_HORIZONTAL
╗,0.353,BOX_DRAWINGS_DOUBLE_DOWN_AND_LEFT
╱,0.000,BOX_DRAWINGS_LIGHT_DIAGONAL_UPPER_RIGHT_TO_LOWER_LEFT
🌇,0.500,SUNSET_OVER_BUILDINGS
⏰,0.438,ALARM_CLOCK
⇩,0.000,DOWNWARDS_WHITE_ARROW
🚂,0.250,STEAM_LOCOMOTIVE
◠,0.438,UPPER_HALF_CIRCLE
🎿,0.375,SKI_AND_SKI_BOOT
✦,0.063,BLACK_FOUR_POINTED_STAR
🆔,0.750,SQUARED_ID
⛪,0.125,CHURCH
🌒,0.563,WAXING_CRESCENT_MOON_SYMBOL
🐪,0.563,DROMEDARY_CAMEL
╔,0.250,BOX_DRAWINGS_DOUBLE_DOWN_AND_RIGHT
╝,0.438,BOX_DRAWINGS_DOUBLE_UP_AND_LEFT
👔,0.333,NECKTIE
🔱,0.067,TRIDENT_EMBLEM
🆓,0.200,SQUARED_FREE
🐋,0.200,WHALE
▽,0.400,WHITE_DOWN-POINTING_TRIANGLE
▂,0.000,LOWER_ONE_QUARTER_BLOCK
🐛,0.267,BUG
👕,0.400,T-SHIRT
🚋,0.067,TRAM_CAR
💳,0.400,CREDIT_CARD
🌆,0.133,CITYSCAPE_AT_DUSK
🏧,0.800,AUTOMATED_TELLER_MACHINE
💡,0.600,ELECTRIC_LIGHT_BULB
🔹,0.133,SMALL_BLUE_DIAMOND
⬅,0.467,LEFTWARDS_BLACK_ARROW
🍠,0.000,ROASTED_SWEET_POTATO
🐫,0.333,BACTRIAN_CAMEL
🏪,0.067,CONVENIENCE_STORE
۩,0.000,ARABIC_PLACE_OF_SAJDAH
🇱,0.400,REGIONAL_INDICATOR_SYMBOL_LETTER_L
📹,0.429,VIDEO_CAMERA
👞,0.429,MANS_SHOE
🚑,0.071,AMBULANCE
🆘,0.071,SQUARED_SOS
👚,0.571,WOMANS_CLOTHES
🚍,0.071,ONCOMING_BUS
□,-0.214,WHITE_SQUARE
🐂,0.143,OX
🚣,0.571,ROWBOAT
✳,0.000,EIGHT_SPOKED_ASTERISK
🏉,0.500,RUGBY_FOOTBALL
🗻,0.571,MOUNT_FUJI
🐀,0.143,RAT
╦,0.357,BOX_DRAWINGS_DOUBLE_DOWN_AND_HORIZONTAL
⛺,0.462,TENT
🐕,0.231,DOG
🏂,0.385,SNOWBOARDER
👡,0.385,WOMANS_SANDAL
📻,0.308,RADIO
✒,0.231,BLACK_NIB
🌰,0.538,CHESTNUT
🏢,0.154,OFFICE_BUILDING
🎒,0.462,SCHOOL_SATCHEL
⌒,0.538,ARC
🏫,-0.231,SCHOOL
📴,0.615,MOBILE_PHONE_OFF
🚢,0.231,SHIP
🚚,-0.077,DELIVERY_TRUCK
🐉,0.154,DRAGON
❒,0.231,UPPER_RIGHT_SHADOWED_WHITE_SQUARE
🐊,0.077,CROCODILE
🔔,0.769,BELL
◢,0.615,BLACK_LOWER_RIGHT_TRIANGLE
🏥,0.250,HOSPITAL
❔,0.000,WHITE_QUESTION_MARK_ORNAMENT
🚖,-0.083,ONCOMING_TAXI
🃏,0.083,PLAYING_CARD_BLACK_JOKER
▼,0.083,BLACK_DOWN-POINTING_TRIANGLE
▌,-0.250,LEFT_HALF_BLOCK
☛,0.333,BLACK_RIGHT_POINTING_INDEX
✩,0.000,STRESS_OUTLINED_WHITE_STAR
💒,0.500,WEDDING
🚤,0.333,SPEEDBOAT
🐐,0.417,GOAT
■,-0.250,BLACK_SQUARE
🔚,0.333,END_WITH_LEFTWARDS_ARROW_ABOVE
🎻,0.333,VIOLIN
🔷,0.167,LARGE_BLUE_DIAMOND
🚦,0.083,VERTICAL_TRAFFIC_LIGHT
🔓,0.083,OPEN_LOCK
🎽,0.417,RUNNING_SHIRT_WITH_SASH
📅,0.167,CALENDAR
🎺,0.583,TRUMPET
✯,0.000,PINWHEEL_STAR
🍈,-0.333,MELON
✉,0.250,ENVELOPE
╣,0.000,BOX_DRAWINGS_DOUBLE_VERTICAL_AND_LEFT
◤,0.750,BLACK_UPPER_LEFT_TRIANGLE
○,0.455,WHITE_CIRCLE
🍼,0.455,BABY_BOTTLE
📀,0.091,DVD
🚛,-0.182,ARTICULATED_LORRY
📓,0.182,NOTEBOOK
☉,0.182,SUN
💴,-0.182,BANKNOTE_WITH_YEN_SIGN
┼,0.000,BOX_DRAWINGS_LIGHT_VERTICAL_AND_HORIZONTAL
🐃,0.000,WATER_BUFFALO
➰,-0.091,CURLY_LOOP
🔌,-0.091,ELECTRIC_PLUG
🍄,0.000,MUSHROOM
📕,0.182,CLOSED_BOOK
📣,0.364,CHEERING_MEGAPHONE
🚓,0.273,POLICE_CAR
🐗,0.455,BOAR
↪,0.091,RIGHTWARDS_ARROW_WITH_HOOK
⛳,0.636,FLAG_IN_HOLE
┻,-0.364,BOX_DRAWINGS_HEAVY_UP_AND_HORIZONTAL
┛,0.545,BOX_DRAWINGS_HEAVY_UP_AND_LEFT
┃,0.364,BOX_DRAWINGS_HEAVY_VERTICAL
👱,0.100,PERSON_WITH_BLOND_HAIR
⏳,0.000,HOURGLASS_WITH_FLOWING_SAND
💺,0.200,SEAT
🏇,-0.100,HORSE_RACING
☻,0.200,BLACK_SMILING_FACE
📞,0.400,TELEPHONE_RECEIVER
Ⓐ,-0.100,CIRCLED_LATIN_CAPITAL_LETTER_A
🌉,0.500,BRIDGE_AT_NIGHT
🚩,-0.200,TRIANGULAR_FLAG_ON_POST
✎,0.500,LOWER_RIGHT_PENCIL
📃,0.400,PAGE_WITH_CURL
🏨,0.200,HOTEL
📌,-0.400,PUSHPIN
♎,-0.100,LIBRA
💷,0.400,BANKNOTE_WITH_POUND_SIGN
🚄,0.500,HIGH-SPEED_TRAIN
▲,0.500,BLACK_UP-POINTING_TRIANGLE
⛵,0.500,SAILBOAT
🔸,0.200,SMALL_ORANGE_DIAMOND
⌛,0.100,HOURGLASS
🚜,0.700,TRACTOR
🐆,0.300,LEOPARD
👒,0.200,WOMANS_HAT
❕,0.200,WHITE_EXCLAMATION_MARK_ORNAMENT
🔛,0.400,ON_WITH_EXCLAMATION_MARK_WITH_LEFT_RIGHT_ARROW_ABOVE
♢,0.300,WHITE_DIAMOND_SUIT
🇲,0.400,REGIONAL_INDICATOR_SYMBOL_LETTER_M
❅,0.600,TIGHT_TRIFOLIATE_SNOWFLAKE
👝,0.333,POUCH
✞,0.333,SHADOWED_WHITE_LATIN_CROSS
◡,0.222,LOWER_HALF_CIRCLE
🎋,0.444,TANABATA_TREE
👥,0.222,BUSTS_IN_SILHOUETTE
📵,0.111,NO_MOBILE_PHONES
🐡,0.222,BLOWFISH
◆,0.556,BLACK_DIAMOND
🏯,0.111,JAPANESE_CASTLE
☂,0.000,UMBRELLA
🔭,0.333,TELESCOPE
🎪,0.222,CIRCUS_TENT
🐜,0.444,ANT
♌,0.556,LEO
☐,-0.667,BALLOT_BOX
👷,0.222,CONSTRUCTION_WORKER
↳,0.000,DOWNWARDS_ARROW_WITH_TIP_RIGHTWARDS
🔈,0.222,SPEAKER
📄,0.667,PAGE_FACING_UP
📍,0.111,ROUND_PUSHPIN
🚐,0.556,MINIBUS
🚔,0.000,ONCOMING_POLICE_CAR
🌋,0.444,VOLCANO
📡,0.222,SATELLITE_ANTENNA
⏩,0.111,BLACK_RIGHT-POINTING_DOUBLE_TRIANGLE
🚳,0.667,NO_BICYCLES
✘,0.556,HEAVY_BALLOT_X
۞,0.000,ARABIC_START_OF_RUB_EL_HIZB
☾,0.000,LAST_QUARTER_MOON
🅰,0.222,NEGATIVE_SQUARED_LATIN_CAPITAL_LETTER_A
📥,0.000,INBOX_TRAY
🇼,0.333,REGIONAL_INDICATOR_SYMBOL_LETTER_W
┓,0.444,BOX_DRAWINGS_HEAVY_DOWN_AND_LEFT
┣,0.444,BOX_DRAWINGS_HEAVY_VERTICAL_AND_RIGHT
Ⓛ,0.333,CIRCLED_LATIN_CAPITAL_LETTER_L
Ⓔ,0.333,CIRCLED_LATIN_CAPITAL_LETTER_E
🔦,0.000,ELECTRIC_TORCH
👤,0.500,BUST_IN_SILHOUETTE
🚁,0.125,HELICOPTER
🎠,0.375,CAROUSEL_HORSE
🐁,-0.250,MOUSE
📗,0.125,GREEN_BOOK
┐,-0.125,BOX_DRAWINGS_LIGHT_DOWN_AND_LEFT
☮,0.000,PEACE_SYMBOL
♂,0.125,MALE_SIGN
◞,0.000,LOWER_RIGHT_QUADRANT_CIRCULAR_ARC
📯,-0.125,POSTAL_HORN
🔩,0.125,NUT_AND_BOLT
👢,0.500,WOMANS_BOOTS
◂,0.250,BLACK_LEFT-POINTING_SMALL_TRIANGLE
📰,0.250,NEWSPAPER
📶,0.250,ANTENNA_WITH_BARS
🚥,0.000,HORIZONTAL_TRAFFIC_LIGHT
🌄,0.125,SUNRISE_OVER_MOUNTAINS
🗾,0.250,SILHOUETTE_OF_JAPAN
🔶,0.250,LARGE_ORANGE_DIAMOND
🏤,0.250,EUROPEAN_POST_OFFICE
🎩,0.250,TOP_HAT
Ⓜ,0.250,CIRCLED_LATIN_CAPITAL_LETTER_M
🔧,-0.375,WRENCH
🐅,0.125,TIGER
♮,0.125,MUSIC_NATURAL_SIGN
🅾,-0.125,NEGATIVE_SQUARED_LATIN_CAPITAL_LETTER_O
🔄,0.000,ANTICLOCKWISE_DOWNWARDS_AND_UPWARDS_OPEN_CIRCLE_ARROWS
☄,0.000,COMET
☨,0.000,CROSS_OF_LORRAINE
